{"676e693d-c3bb-4df7-9d1e-576ac679fd0b": "A & R reizen", "a6affe81-20b2-4f63-8964-27aceb4408ab": "Nieuwe titel", "Tablets": "Tabletten", "ca195a61-68bd-430a-af33-e85b9c436ac9": "Kunstenaar vooruit", "OfficeSuppliesSearches": "Populaire items", "95ee44c6-1e0d-43f2-9239-983e9311d0eb": "Winstvervoer", "e7bc31a5-42d4-4f01-b99c-f14987d11616": "Openbare rapporten", "0074ffcb-d717-4ffa-b3d9-714e25570eb8": "Capex", "8a7643ce-33aa-4849-b0d0-4efd4d872043": "Overheadkostenniveau 2", "a5828f3d-4536-4fe5-a074-9493ad7dfdfe": "Postproductiekosten", "c26ccdc9-cc97-468a-8ab8-e94a6fc40938": "Mijn rapporten", "e8bff4ba-f8a2-45d1-a2c0-b6f5862788ce": "Beheerst", "dc87ec76-f917-4a4b-a4c5-f06b60e554f6": "A & R Advance", "a05aafa2-d80c-43ca-843b-a60e462be97d": "REMIX KOSTEN", "IT-Ad-Hoc-Item": "Speciale aanvraag-informatietechnologie", "0960a459-6c97-4d4c-ba07-32ec230ee4da": "Marketingbewerkingen", "14b70b83-e4e7-4e6e-bd78-5b464ea3a99e": "Publiciteit", "14c248cb-3d11-4d91-8a71-76e87cfb4fb1": "Award shows", "a312cc30-75ef-4d27-9389-585db8fc2dd2": "Publisher-uitgang", "184efa29-9349-401d-a0b0-4972449aa782": "Onderhoud en reparaties", "a3acd1d0-a431-4b75-b522-1da6b90eb499": "Elektriciteit", "FacilitiesMaintenance": "Voorzieningen / onderhoudsdiensten", "be9193ec-d748-4f7d-98ba-489cc3dc5a48": "Studio-opname", "d6e29fbc-dd27-4e86-ab1e-3197474b307b": "Merchandise Advance", "a36ad48e-5c0d-495f-88cd-fb0415286539": "Kleine uitrusting", "aa9c4731-64f5-4a0f-9d25-1906b5fab539": "Productkosten - Merchandise (Managed Tour)", "Headphones": "Computer en telefoon headsets", "aec9cc8c-af35-4dbc-b783-7645672849e3": "Gas", "5b5fca25-7c2f-484b-b480-4d416be0fc86": "Remix", "37e8298c-fd47-404e-8339-9149b8b25a4b": "straat team", "9c0be004-3a4a-41ee-934d-028800b1c366": "Showcases", "b8110fa9-9f45-4372-afa3-7d9ca393e29a": "Zakelijke partner in S / 4 weergeven", "3b79daef-5ce8-4192-9cbf-b0fbbd69cc08": "Compliance Posters", "dc799e47-17c0-481a-9de7-c0dfacb428ab": "Studio Mixing", "f1bddf36-976a-4415-9cf2-2e54c6d902e3": "Digitaal", "1964d420-04e3-4ec0-984d-194efb1253c2": "Vakantiewoning", "e9f80ae1-7761-43f0-8b4a-a6c79de39832": "Opnamefonds", "bcd0a1c9-ec4f-4b05-ab07-7bfcc6285b1a": "Video Promotie", "PensMarkers": "Pennen en markeringen", "6204e388-1013-474a-8137-edc18fcf9929": "Hulpprogramma's en brandstof", "3538165f-2823-40bb-b419-dd1ea8f64151": "FAN CLUB-abonnementen", "cd80501e-0b0a-4df4-9446-abe7e0cbf4d3": "Marketing - Tour & Artist Promo", "c4998fa2-9ab8-4572-b03c-155d3e37846b": "Diverse marketing (alleen artiest / schrijver gebruik)", "78b885c3-c58d-4a7c-bac1-f7d93535c5a5": "Tijdelijke werknemers", "994e1b6b-5561-42c8-a4b6-a30c99f150a6": "Promotionele productkosten", "2bc63b8b-bafa-4ba2-b91e-24aa2b7c2cb8": "Studio-materialen", "c0804800-417f-4906-99b7-41711967ae08": "Musici", "f0798ce6-0f97-43e0-831c-5e6d9993c885": "Werknemerswerving", "83f7b2de-cfb7-4019-9764-4a5f96b41025": "Tv-reclame", "5d987e87-232b-4280-989b-9af4dd73de85": "Groepsverzekering", "a7cb950d-7a9a-49e7-a1f4-46280a73dbfe": "Betaalbetalingen bemonsteren", "dc25b2ac-aada-495b-9723-e1e3e7f364b6": "Betalingsaanvraagformulier", "a2f4049c-3bfe-418a-bcea-7b98c2495084": "Telefoons", "FacilitiesAdHocItem": "Speciale aanvraag / onderhoud", "34f23034-8deb-48f5-bc0f-a0bc1bf24a51": "Softwareonderhoud en ondersteuning", "995c7106-1fb1-4209-8397-fdc2fa8ad226": "Radio", "2227425c-621d-47e0-8619-b962378489e9": "Amazon-bedrijf", "d0c01693-7368-4400-876a-2026368b72cc": "Promo CD's", "dfa5adff-f21a-4be9-983c-92f1ec37287d": "Bestellingen", "23bbe2bd-d9da-4d94-a232-a697a4da0e2d": "Kleine uitrusting", "ee5b4f7b-2f2f-472f-a661-1aef08e685de": "Gezondheid & Veiligheid", "c6a1581c-48b7-42e2-b452-14b62a089d3e": "Radio Promo-wedstrijden en marketing", "725eb30f-f60a-4ac4-9813-79206cda0886": "Vervoer", "8ec85462-d1a9-4289-bc73-69b60ed8133a": "Remixes (niet-monetiseerd)", "6b5d7c8d-29af-4b43-8d71-edb2665ae7a0": "Catalogusmarketing", "1ba0128b-3f3a-42b5-9df3-e1b2eeec6db1": "Aankopen", "f91d390f-65b8-46bf-b471-e6ba8ab0b957": "Software", "8cdc519d-e160-441d-b126-7bc3eb7dc8ab": "Onderhoudsservice van computerhardware", "OfficeSuppliesAdhocItem": "Speciale aanvraag-kantoorbenodigdheden", "NotesSearch": "Boeken en publicaties", "e222fc8e-bffe-4834-b33f-a33f10e6cf9b": "Fotografie, Kunstwerk, Afbeeldingen", "7455b65a-e19c-4573-8f0b-64633257e013": "Online marketing", "AdvancedBuyingView": "Geavanceerde koopweergave", "b2e2bc8f-793a-4ad5-bb47-7b359c0141a8": "Kantoordecoratie", "801498c8-fb44-4477-9e5b-0763973b19f6": "Beveiliging", "19452c92-19d4-4e23-b88b-83ffdb7c13c1": "Verhuur uitrusting & cartage", "fd7cbb7d-1fd0-4995-b7cb-0887a12d001d": "Gedrukte reclame", "FacilitiesCatalogSearches": "Populaire items", "fdd31567-3459-4198-b1f1-6345ea2e36f1": "Afdrukken", "f60d28fe-a051-417b-8bdd-fa6e580da9ff": "AFTRA (vocalisten)", "6b4d5fdd-2530-49ff-b948-1e80c66ecf88": "Andere werknemerskosten", "55473d70-09c0-476e-9cd8-bbd65443cddb": "Verplaatsing", "3d01fff2-1690-42e1-a55c-b1703707c6fb": "Diversen", "6e6022f8-f7d9-4dda-b55f-f91f2582f473": "AUDIT & ACCOUNTING", "dfd90240-bfeb-4e34-8321-51f3ad316ac8": "Computer - adviesdiensten en externe diensten", "50d7cc1b-26d8-4771-b162-b11cc38d0ef6": "Video productie", "aed07952-736d-4407-ab0e-9305a4465cc5": "Beltoonproductie", "226c9223-6715-4392-8ffe-e5200028cfb3": "Kunstenaar reizen en transport", "c2381b20-34b7-4e6e-a1e4-119244508d60": "Hoge frequentie", "87a981dd-ee10-4036-a7a8-a2c69a2a034b": "Awards en certificeringen", "7b2e9750-4130-4d46-b2c0-c50c80331823": "Opslag", "d6709b70-d632-499e-8494-5f5f3008a259": "Softwarelicentieservice", "ITSearchCarousel": "Populaire items", "3f807202-253e-4080-b384-6b708c322b16": "Andere recupportkosten pub", "9212be23-8c26-44ca-b50e-0059e933eaf4": "Product management", "a12395c3-24fd-43f7-aafd-0edd87714f4a": "Servicecontracten", "7e5fb6bf-6ed6-4aa1-ab95-2681a1e7642f": "Artist Management Non-Music", "cb1c7b00-fc67-4419-a1d6-4dccd88ba314": "Internationale", "15f291e9-8659-4d71-94b5-9753bc39b80d": "Video-promo", "ed823e4c-24a8-4408-b292-3a87c622d4ed": "Vereenvoudigd requisitieformulier", "65b6351c-0779-47b8-ab6d-e38a56e3cba3": "Tijdelijke werknemers", "68f342cd-1fca-40c5-9293-87a9e0a66ac5": "Video productie", "0171572f-3414-4ac7-ab19-5b1e54f46790": "Bouwbedrijven", "380c6531-343b-45e1-82e2-0845c133afb3": "Reiniging en afvalverwijdering", "6544d2b9-fe10-4f54-aacd-5bc814d8e98a": "Software onderhoud", "8921f82f-eab8-4ad0-993c-e76baf5af66b": "Video productie en inhoud", "InkToners": "Printers inktcartridges en toners", "4cd4c4d1-09ec-4087-97f8-e8963cd5eb14": "Database Management System Software Maintenance", "e38116b4-84f4-45cd-8c8a-d3a6718c9a48": "Ongediertebestrijding", "c9514902-7195-4e95-98e8-a26c6dd1119a": "Monsters", "0143cf5c-2246-4ff7-932e-914503c88fe9": "Betalingsaanvraagformulier", "CarrousselOSSuppliers": "Voorkeursleveranciers", "f3a1ddfa-7c8a-4233-bdda-14a8760e072f": "Productontwerp", "797de023-1a35-491f-a711-82b8fa2836e0": "Buiten reclame", "abc599d1-ffd3-4884-a96d-6743343d2226": "Personeelszaken", "8947aca2-3629-4191-9953-fdf5445439e0": "Studio Mixing", "e0425469-32bf-464f-8e0f-01877449fe08": "Vakantiewoning", "d6a98dde-49da-46f7-a22b-4f3395277e34": "Vereenvoudigd PR-formulier", "ab5fa46c-5723-422e-9513-7770597f91a5": "Andere marketing (alleen niet-artists gebruikt)", "8c8a3034-e5b5-4ee5-b01b-7fd83bf9f8b4": "Kunstenaar Development & Touring Expense", "904ddb73-7ea3-4ae0-8d7e-36b05f56eed2": "Merchandising - Handelposten", "MonitorSearch": "Monitoren en schermen", "4db18f16-21c2-4892-9f70-d8128bc0c96f": "Creatieve services", "37ee0dbc-bb37-473f-9f4f-bf1b4c383eb9": null, "cab52bc1-f693-411c-85c1-6d4094271ff3": "Publisher-uitgang", "63643877-47d2-416f-9b4d-8a51463ac406": "Kunstenaarsmanagement", "947e443c-601d-430e-bb7d-2c73fcc6066b": "Trainingsdiensten", "d6b9f2b6-4e02-483e-bc76-ecafd0527058": "Koeriers en e-mail", "AlarmsSecurity": "Alarmen en beveiliging", "7169349b-651c-434f-95af-7490ff5b7067": "Fotokopers", "32685690-4c0c-4fc3-8303-97cae774ea77": "Vraag de marketingcampagne-service aan", "Office-Supplies": "Kantoor artikelen", "Travel": "Reizen en kosten", "2c851996-530f-4f73-a6a8-9093b478384f": "Betalingsaanvraagformulier", "5547441b-f4c4-471b-bb50-61b56ed2e921": "Salarissen", "9b3c74cc-848f-470d-8049-6674a05b398d": "Merchandising - Catalogi & Signations", "c87610f3-56ec-4c15-b682-3ae6ab10c4c1": "Overleg plegen", "f8560ca9-01bb-448d-a74a-7602ccbf1de2": "Manufacturing", "4e3920b4-8f39-46f7-b986-16187e44ccc4": "Abonnementen", "c53af364-5c1c-4d63-a718-b6fe71f0dc6c": "Inhoudsproductie", "f7f6663f-1de8-426a-87d3-643cca6bda4c": "Studio-opname", "6d82cdfd-3cd1-4d4a-a555-8e75787a2bde": "Catalogi", "LaptopSearch": "Laptops & notebooks", "b02bc13e-8d07-4bb2-b0d7-718377a49c68": "Advertentieproductie (niet-digitaal)", "e34f446a-b113-4c9d-a43f-3c4d4f79fc80": "Andere uitgever-kosten", "31ad9298-5552-42bd-a207-e65f24932657": "Kunst", "6edcdb09-4348-4bcd-a9d9-898fc25276df": "Leefkosten", "3bf7a9dc-fcc0-4f0e-a783-b2529d329066": "Amerikaanse staatsbelastingen", "CarrousselITSuppliers": "Voorkeursleveranciers", "579afb67-31ba-4af5-bea0-56f8d56c11d5": "LICENTIE & PRODUCTEN PLAATSING", "5b938453-3166-445f-9682-f88cb27af793": "Opleiding", "4f6c738c-7372-4747-a7f9-e134cb2e2f5b": "Parkeren", "6bf4fcfc-941f-48e2-a385-6a91c026e064": "De reis van de kunstenaar", "cad02dfb-ef32-4fcc-9adf-18367056ab92": "Computer hardware", "60afa628-3198-4ac6-b52c-e2d9e79795a6": "Mengen en beheersen", "c13d34c1-3c3f-47c8-b70f-c747a38d93c7": "Andere professionele services", "8b1009ba-2af5-475c-b931-70ab10a0ae8d": "Wettelijk", "7f0bc1d2-c69d-417a-a8ee-c26360cadbaf": "Auto", "7d0296da-ccf1-4a44-80aa-58bcf21a0625": "Diensten", "8e67a37f-f502-4953-baa6-faf23aa08354": "Rekrutering", "59cf83fc-1a52-4f1d-9e59-3acdb0e72d74": "Nieuwe titel", "4b48e3d6-98aa-40a0-8334-3f99aa598f32": "Onderzoek & Ontwikkeling", "d26e79f7-b6fb-4697-a5f0-1cc1bc067952": "Kleinhandel", "ed2d0da8-717b-4ccf-83d2-d8b09fb34db0": "Muzikanten kosten", "96dea85c-fc61-4e23-9ffa-e60ad1048f4d": "Huur", "081dafc0-0a5a-4844-bb50-98a46d6734b1": "Rampenhersteldiensten", "10317530-b62d-49f6-8194-e65e86a33fe0": "Social Media-platforms", "2b7cd967-1b42-4c94-9e7e-5ac06871f3c6": "Computer Consulting", "ebf86650-6d35-4563-94d0-a744f40c268a": "Voorschotten", "7b467cbe-b036-4249-9675-79952d2f7e8d": "Planten", "3d2a651a-ddb9-48eb-9821-0fda968eb879": "Demokosten", "8eba7c30-7ca9-41e0-b58a-e2bfa6a380b2": "Drankjes", "e3143356-7c54-4e2b-b215-dc5e643e0ae0": "Kaartjes", "4ea50cb8-bb5f-48a7-81a4-3c6b9d3d44c7": "Misc A & R-kosten", "daa3b348-59f4-4036-a411-d726e532fb08": "Computer - Reparaties en onderhoud", "IT-Equipment-Accessories": "IT, IT-apparatuur, IT-accessoires", "2ad970ba-3faa-4ed8-9494-8e809cebe216": "Trainingsmaterialen", "22765a8d-7802-4f3a-b2b3-12ab6e0884ad": "Website onderhoud", "5072a910-2e6c-4b6e-bbc3-ef80888406df": "Video productie", "b33c5125-1792-4ff6-8613-7e90d08baf6b": "Producent vooruit", "be026c0f-bc4f-4e93-8a8f-96e415a09b5f": "Radio-marketing", "55050e97-21c1-4a9a-8a4f-9b75aeeab197": "Een bowment van de rekrutering", "629b7820-6111-4141-b39e-6e13a1311b43": "Mijn testpagina", "a405b1fd-d83c-4246-8da8-bea3f106eb14": "Diensten vrachtkosten", "fa06274b-2f6b-42b2-ac0f-d18645b77a62": "Computer software", "4a0448d5-ac20-4fc2-a409-d7add152a12e": "Hulpprogramma's en brandstof", "6b3b60c8-2bcf-426e-925d-a161006bbb69": "Computercommunicatie", "ce91e612-b5e2-41a3-8490-b866b57d5125": "Digitale reclame", "4cede48a-fe0f-4622-8ecc-8bf05c8d9dbc": "Internet Reclame", "dd186b59-93f3-4674-8bd1-8d607a8a6842": "Engineering Mixing", "aef2a129-dbc1-4a43-af52-55af71aedb84": "Reclamediensten - Aanbiedingen van de voorkeur", "1396ccd3-7da5-4cb6-a687-6a95281a2fac": "Kleinhandelsmerken", "1fb09305-44c7-4036-99f0-3d80584ec9e8": "Onafhankelijke Promotie - Clubs", "Smartphones": "Smartphones", "f08460ed-e354-49b0-89bd-57cc441882ed": "Publiciteit", "54461618-5f53-469a-bad4-48a200315ee2": "Engineering-opname", "4dd456fc-54c9-4dda-ba5b-3316b31083af": "Vracht", "806b2b20-135a-45ee-a596-71f5a91f2716": "Nieuwe titel", "6a64b0db-c2d9-4ea0-8dbe-b0df9247014e": "Kosten van de Kunstenaarsbeheer", "702c0282-a697-40db-89a3-7b504cd494da": "Directe reclame", "58da5017-5d56-4e77-adfa-e20f5776c552": "Engineering Mixing", "2a9fbf5d-fb4d-43ad-9801-d58c273f7d78": "Marketing diensten", "074f422e-05c4-4164-9b58-e0ba6f164c7f": "Niet-cutable marketing", "8ee9d8f7-1e45-49de-9f66-87e231373931": "Ticketing", "1aadffa6-c819-448d-a53c-c1df8fb6bf7c": "Legale uitgaven", "68336416-5084-4d48-aa85-1032ba4ea73c": "Mobiele toestellen", "e6ede1a8-6071-4d58-b730-c78cc06d4085": "Internationale marketing", "LightingFixturesSearch": "Verlichtingsarmaturen", "2f6ad7db-939e-45e6-bbd0-9063d9ef1c55": "Benodigdheden", "63d71e62-909d-4b9e-8286-856449f4b79c": "Reclame", "3fe43f30-62d3-4ee4-a2d0-5950a7191af8": "Test formulier Murthy", "PrinterPaper": "Printers en kopieermaper", "6f365436-2824-4ff2-99ea-ec4377ffe74c": "Network Application Software-onderhoud", "2d8dc109-20ba-4d4c-8422-4fe60dac41dd": "Nieuwe titel", "65d2bb5a-5c3e-43e2-b39e-29c36d32dc7e": "Radio-reclame", "bfa908c0-3e05-4288-9e54-f24cdff8bb57": "Nieuwe titel", "c74c3ea2-19db-49d7-9847-e393f6c721c0": "Vaste lijnen", "b63cb2a0-d268-4ef4-ac0e-ec52ee7a0218": "Naar dit item", "49bae508-686c-459e-9dd9-99ffc2cb2a2a": "Royalty betaling uitgaven", "9b98b404-e981-4094-a9bf-8dfd322504f4": "Dues & Abonnementen", "37cd8315-45fa-4dfc-8ebf-3e59cd5ff91d": "Producent", "ec314a8a-83bb-497c-83a5-6fe67a18e195": "Andere kosten", "796b0d1c-9c4b-411b-bb15-a5ae84d41fdd": "Contractueel fonds", "83c15588-af92-49c0-b72d-691cedaaf996": "Beheer factureringsdocumenten in S / 4", "59c81013-4012-40c4-a45b-1424aed57ef0": "Local Area Network LAN Onderhoud of ondersteuning", "98d49ec3-7b9a-417d-be24-d82492409df0": "Kunstenaar Lodging & Accommodatie", "559e33b9-8526-451f-8132-0a7fa871bb50": "Promo", "8eac2380-2b12-4ef8-8238-03db91186597": "Betalingsformulier Formulier kopi\u00ebren", "522a2646-0abd-4171-ba6e-c1d908435f8c": "Verhuur", "1e74d477-4354-4edf-9210-a379ededbdc4": "Promotievideo - TV-specials Productie", "b9430e03-0f9c-4485-a2fb-d83bb003908b": "Vorige partijen", "Whiteboards": "WhiteBoards en accessoires", "7f0954e9-db84-4e7d-8f8f-1d296782989c": "Vergaderingen, Evenementen en afspelen", "90c21c8e-f4b9-4a2b-bde4-09d67bd27e9b": "Monsters", "ae6b0417-9874-4a88-b9c0-dd4eebc47e0c": "Juridische vooruitgang", "0b2a3bf6-fcf8-4dab-b672-d4fb233a9a30": "Zijartiesten en muzikanten", "c95ff10a-54aa-4f2d-bbe9-6012a27f3e2e": "Video productie", "d2bce472-0407-4dd1-8708-a43399d2eb18": "Verkoopadvertentierechten", "9f860865-c678-4731-80d1-347c5d599234": "Zijartiesten", "76a2ef64-02b8-4326-84ca-791608129579": "Artist Development & Touring", "48cdef37-3c31-4b6b-8f75-3bc965a97c17": "Kunstenaar Styling & Glamour / Uiterlijk", "70170ead-7b6a-4f0c-8f87-0930cd3e4e2c": "REMIX KOSTEN", "fbdb9a78-e6b7-401a-9862-4e70fa9483ec": "speciale verzoeken", "5f47728e-96b3-4148-b7f2-f34d97b64cc4": "Nieuw tegelpagina-type", "3ae70947-8132-429b-bd01-22eb082b84cc": "Marketinginvloed", "e512780d-bc42-4aaf-9ea6-97e2dca6abe9": "Master gebruik Advance", "16c47096-a35a-4620-ab5e-ba2206340cae": "Bedrijfsauto's", "8b6c6aa7-4b00-4e5f-a3d5-9bc0d3307406": "Bouwbedrijven", "6675c1fa-ac3e-45df-b05a-d16470f46a49": "Opnamefonds", "02a73d24-9ae2-44fb-851e-374e1d947aac": "Level2-bestemmingspagina", "PCAccessoriesSearch": "Computer accessoires", "4c07b2f4-1bf5-4737-b13e-c0ab85ea2e49": "Vormen", "abc497f4-05f5-4a26-83af-d0ae83c5199e": "Agentschap boekingskosten", "10986293-5cd4-4693-ac7f-5ba64a1b8a78": "Opslag en archivering", "3dc2b59b-0510-4bd4-8fe4-f7530973991b": "Verbeteringen", "DesktopSearch": "Desktops", "85868172-01d8-424a-a8b7-c8418e17c767": "IT-hardware", "9a15ef57-b9dc-4b13-8100-03f30f76efa7": "Inkooporders weergeven in S / 4", "80a617d1-386c-4534-8d5c-c8251e6150b1": "Betalingsaanvraagformulier V3", "588ea31e-9965-40fa-8cf2-0d142262ad41": "Engineering-opname", "ca94549a-9f60-4856-9d74-027a783b84a6": "Vereenvoudigd requisitieformulier", "b1aadede-330c-467f-92f5-55c50a5d281b": "Afschrikbare servicecontracten", "7acadbcb-6be7-4f3e-afcc-eff302f614be": "Betaal verzoek", "4903c594-86c9-42fe-8df8-167f48d73c52": "Merkpartnerschappen", "4ca971c3-b369-456f-ba91-d0b6772a9483": "Retail Reclame - E-commerce", "7a61aa8d-e081-4311-a502-055decc887ab": "Catering", "f0f5eff1-bf35-451c-ad85-27bed278df01": "Software onderhoud", "18f34ec5-dbee-4e6c-bb07-5877ff072733": "Ariba kopen klassiek", "3bb08286-83d6-4e24-887a-41b0eb29c488": "Kunstenaar Entertainment & Gifts", "20421928-dce4-41be-837f-c46eec75b5ea": "Onafhankelijke promotie - online", "4349f2e4-5d23-41d2-a496-e6ece9e73b0b": "Betalingsaanvraagformulier", "d61434b7-384d-4d16-83d5-c14651ef8a63": "Brandstof", "7ef37309-4c85-4400-ba68-c5ee90d62e75": "Uitrusting", "77bfd35b-9b3a-467d-90fe-380068ade5a5": "Advertentieproductie (digitaal)", "ef9a6ed2-e299-42e0-bc0f-e3a3088a7e1e": "Studio-kosten", "Printers": "Printers", "ffe954c8-2bf3-44d6-be20-c71f9a3e5f02": "Bonus-andere", "3749a76e-af66-4d7b-8075-aaa40b7a902c": "Beheerst", "b452f6a4-9842-473a-9e31-cf59ebccce00": "A & R", "688daa0f-b254-4bf1-9c0f-02f771aaa20f": "Radio Indy's", "FacilitiesSuppliers": "Voorkeursleveranciers", "TapePackagingSearch": "Tape, verpakkingsbenodigdheden", "35525133-9fcc-4ed7-9220-785480b11f46": "Onderzoekskosten", "c5a26af8-597d-4014-b9ea-b0e3a1202ead": "Pre-productiekosten", "FurnitureSearch": "Kantoormeubelen", "070d83db-7c5f-41d3-bc36-838081169f7b": "Productie kosten", "37a2fc13-1fde-4143-9701-3eedf900ac8f": "Verkoop en streaming", "9cf8ac12-c965-42fc-b59e-0aed78904abf": "Radioshows"}