{"676e693d-c3bb-4df7-9d1e-576ac679fd0b":"A&R Travel","a6affe81-20b2-4f63-8964-27aceb4408ab":"New Title","Tablets":"Tablets","ca195a61-68bd-430a-af33-e85b9c436ac9":"Artist Advance","OfficeSuppliesSearches":"Popular Items","95ee44c6-1e0d-43f2-9239-983e9311d0eb":"Profit Advance","e7bc31a5-42d4-4f01-b99c-f14987d11616":"Public Reports","0074ffcb-d717-4ffa-b3d9-714e25570eb8":"CAPEX","8a7643ce-33aa-4849-b0d0-4efd4d872043":"Over head expense Level2","a5828f3d-4536-4fe5-a074-9493ad7dfdfe":"Post Production Costs","c26ccdc9-cc97-468a-8ab8-e94a6fc40938":"My Reports","e8bff4ba-f8a2-45d1-a2c0-b6f5862788ce":"Mastering","dc87ec76-f917-4a4b-a4c5-f06b60e554f6":"A&R Advance","a05aafa2-d80c-43ca-843b-a60e462be97d":"Remix Costs","IT-Ad-Hoc-Item":"Special Request-Information Technology","0960a459-6c97-4d4c-ba07-32ec230ee4da":"Marketing Operations","14b70b83-e4e7-4e6e-bd78-5b464ea3a99e":"Publicity","14c248cb-3d11-4d91-8a71-76e87cfb4fb1":"Award Shows","a312cc30-75ef-4d27-9389-585db8fc2dd2":"Publisher Advance","184efa29-9349-401d-a0b0-4972449aa782":"Maintenance & Repairs","a3acd1d0-a431-4b75-b522-1da6b90eb499":"Electricity","FacilitiesMaintenance":"Facilities / Maintenance Services","be9193ec-d748-4f7d-98ba-489cc3dc5a48":"Studio Recording","d6e29fbc-dd27-4e86-ab1e-3197474b307b":"Merchandise Advance","a36ad48e-5c0d-495f-88cd-fb0415286539":"Small Equipment","aa9c4731-64f5-4a0f-9d25-1906b5fab539":"Product Costs - Merchandise (Managed Tour)","Headphones":"Computer and Phone Headsets","aec9cc8c-af35-4dbc-b783-7645672849e3":"Gas","5b5fca25-7c2f-484b-b480-4d416be0fc86":"Remix","37e8298c-fd47-404e-8339-9149b8b25a4b":"Street Team","9c0be004-3a4a-41ee-934d-028800b1c366":"Showcases","b8110fa9-9f45-4372-afa3-7d9ca393e29a":"Display Business Partner in S/4","3b79daef-5ce8-4192-9cbf-b0fbbd69cc08":"Compliance Posters","dc799e47-17c0-481a-9de7-c0dfacb428ab":"Studio Mixing","f1bddf36-976a-4415-9cf2-2e54c6d902e3":"Digital","1964d420-04e3-4ec0-984d-194efb1253c2":"Equipment Rental","e9f80ae1-7761-43f0-8b4a-a6c79de39832":"Recording Fund","bcd0a1c9-ec4f-4b05-ab07-7bfcc6285b1a":"Video Promotion","PensMarkers":"Pens and Markers","6204e388-1013-474a-8137-edc18fcf9929":"Utilities & Fuel","3538165f-2823-40bb-b419-dd1ea8f64151":"Fan Club Subscriptions","cd80501e-0b0a-4df4-9446-abe7e0cbf4d3":"Marketing – Tour & Artist Promo","c4998fa2-9ab8-4572-b03c-155d3e37846b":"Miscellaneous Marketing (Artist/Writer usage only)","78b885c3-c58d-4a7c-bac1-f7d93535c5a5":"Temporary Employees","994e1b6b-5561-42c8-a4b6-a30c99f150a6":"Promotional Product Costs","2bc63b8b-bafa-4ba2-b91e-24aa2b7c2cb8":"Studio Materials","c0804800-417f-4906-99b7-41711967ae08":"Musicians","f0798ce6-0f97-43e0-831c-5e6d9993c885":"Employee Recruitment","83f7b2de-cfb7-4019-9764-4a5f96b41025":"TV Advertising","5d987e87-232b-4280-989b-9af4dd73de85":"Group Insurance","a7cb950d-7a9a-49e7-a1f4-46280a73dbfe":"Sampling Payments","dc25b2ac-aada-495b-9723-e1e3e7f364b6":"Payment Request Form","a2f4049c-3bfe-418a-bcea-7b98c2495084":"Phones","FacilitiesAdHocItem":"Special Request-Facilities/Maintenance","34f23034-8deb-48f5-bc0f-a0bc1bf24a51":"Software maintenance and support","995c7106-1fb1-4209-8397-fdc2fa8ad226":"Radio","2227425c-621d-47e0-8619-b962378489e9":"Amazon Business","d0c01693-7368-4400-876a-2026368b72cc":"Promo CD's","dfa5adff-f21a-4be9-983c-92f1ec37287d":"Orders","23bbe2bd-d9da-4d94-a232-a697a4da0e2d":"Small Equipment","ee5b4f7b-2f2f-472f-a661-1aef08e685de":"Health & Safety","c6a1581c-48b7-42e2-b452-14b62a089d3e":"Radio Promo Contests & Marketing","725eb30f-f60a-4ac4-9813-79206cda0886":"Transport","8ec85462-d1a9-4289-bc73-69b60ed8133a":"Remixes (non-monetized)","6b5d7c8d-29af-4b43-8d71-edb2665ae7a0":"Catalog Marketing","1ba0128b-3f3a-42b5-9df3-e1b2eeec6db1":"Purchases","f91d390f-65b8-46bf-b471-e6ba8ab0b957":"Software","8cdc519d-e160-441d-b126-7bc3eb7dc8ab":"Computer Hardware maintenance support service","OfficeSuppliesAdhocItem":"Special Request-Office Supplies","NotesSearch":"Books and publications","e222fc8e-bffe-4834-b33f-a33f10e6cf9b":"Photography, Artwork, Images","7455b65a-e19c-4573-8f0b-64633257e013":"Online Marketing","AdvancedBuyingView":"Advanced Buying View","b2e2bc8f-793a-4ad5-bb47-7b359c0141a8":"Office Decoration","801498c8-fb44-4477-9e5b-0763973b19f6":"Security","19452c92-19d4-4e23-b88b-83ffdb7c13c1":"Equipment Rental & Cartage","fd7cbb7d-1fd0-4995-b7cb-0887a12d001d":"Print Advertising","FacilitiesCatalogSearches":"Popular Items","fdd31567-3459-4198-b1f1-6345ea2e36f1":"Printing","f60d28fe-a051-417b-8bdd-fa6e580da9ff":"AFTRA (Vocalists)","6b4d5fdd-2530-49ff-b948-1e80c66ecf88":"Other Employee Costs","55473d70-09c0-476e-9cd8-bbd65443cddb":"Relocation","3d01fff2-1690-42e1-a55c-b1703707c6fb":"Miscellaneous","6e6022f8-f7d9-4dda-b55f-f91f2582f473":"Audit & Accounting","dfd90240-bfeb-4e34-8321-51f3ad316ac8":"Computer - Consulting Services & Outside Services","50d7cc1b-26d8-4771-b162-b11cc38d0ef6":"Video Production","aed07952-736d-4407-ab0e-9305a4465cc5":"Ringtone Production","226c9223-6715-4392-8ffe-e5200028cfb3":"Artist Travel & Transportation","c2381b20-34b7-4e6e-a1e4-119244508d60":"High Frequency","87a981dd-ee10-4036-a7a8-a2c69a2a034b":"Awards and Certifications","7b2e9750-4130-4d46-b2c0-c50c80331823":"Storage","d6709b70-d632-499e-8494-5f5f3008a259":"Software licensing service","ITSearchCarousel":"Popular items","3f807202-253e-4080-b384-6b708c322b16":"Other Recoupable Costs Pub","9212be23-8c26-44ca-b50e-0059e933eaf4":"Product Management","a12395c3-24fd-43f7-aafd-0edd87714f4a":"Service Contracts","7e5fb6bf-6ed6-4aa1-ab95-2681a1e7642f":"Artist Management Non-music","cb1c7b00-fc67-4419-a1d6-4dccd88ba314":"International","15f291e9-8659-4d71-94b5-9753bc39b80d":"Video Promo","ed823e4c-24a8-4408-b292-3a87c622d4ed":"Simplified Requisition Form","65b6351c-0779-47b8-ab6d-e38a56e3cba3":"Temporary Employees","68f342cd-1fca-40c5-9293-87a9e0a66ac5":"Video Production","0171572f-3414-4ac7-ab19-5b1e54f46790":"Building Services","380c6531-343b-45e1-82e2-0845c133afb3":"Cleaning & Waste Disposal","6544d2b9-fe10-4f54-aacd-5bc814d8e98a":"Software Maintenance","8921f82f-eab8-4ad0-993c-e76baf5af66b":"Video Production & Content","InkToners":"Printers Ink Cartrigdes and Toners","4cd4c4d1-09ec-4087-97f8-e8963cd5eb14":"Database management system software maintenance","e38116b4-84f4-45cd-8c8a-d3a6718c9a48":"Pest Control","c9514902-7195-4e95-98e8-a26c6dd1119a":"Samples","0143cf5c-2246-4ff7-932e-914503c88fe9":"Payment Request Form","CarrousselOSSuppliers":"Preferred Suppliers","f3a1ddfa-7c8a-4233-bdda-14a8760e072f":"Product Design","797de023-1a35-491f-a711-82b8fa2836e0":"Outdoor Advertising","abc599d1-ffd3-4884-a96d-6743343d2226":"Human Resources","8947aca2-3629-4191-9953-fdf5445439e0":"Studio Mixing","e0425469-32bf-464f-8e0f-01877449fe08":"Equipment Rental","d6a98dde-49da-46f7-a22b-4f3395277e34":"Simplified PR Form","ab5fa46c-5723-422e-9513-7770597f91a5":"Other Marketing (Non-Artist usage only)","8c8a3034-e5b5-4ee5-b01b-7fd83bf9f8b4":"Artist Development & Touring Expense","904ddb73-7ea3-4ae0-8d7e-36b05f56eed2":"Merchandising - Trade Promotional Items","MonitorSearch":"Monitors and Screens","4db18f16-21c2-4892-9f70-d8128bc0c96f":"Creative Services","37ee0dbc-bb37-473f-9f4f-bf1b4c383eb9":null,"cab52bc1-f693-411c-85c1-6d4094271ff3":"Publisher Advance","63643877-47d2-416f-9b4d-8a51463ac406":"Artist Management","947e443c-601d-430e-bb7d-2c73fcc6066b":"Training Services","d6b9f2b6-4e02-483e-bc76-ecafd0527058":"Couriers & Mail","AlarmsSecurity":"Alarms and Security","7169349b-651c-434f-95af-7490ff5b7067":"Photocopiers","32685690-4c0c-4fc3-8303-97cae774ea77":"Request Marketing Campaign Service","Office-Supplies":"Office Supplies","Travel":"Travel and Expense","2c851996-530f-4f73-a6a8-9093b478384f":"Payment Request Form","5547441b-f4c4-471b-bb50-61b56ed2e921":"Salaries","9b3c74cc-848f-470d-8049-6674a05b398d":"Merchandising - Catalogs & Solicitation","c87610f3-56ec-4c15-b682-3ae6ab10c4c1":"Consulting","f8560ca9-01bb-448d-a74a-7602ccbf1de2":"Manufacturing Expense","4e3920b4-8f39-46f7-b986-16187e44ccc4":"Subscriptions","c53af364-5c1c-4d63-a718-b6fe71f0dc6c":"Content Production","f7f6663f-1de8-426a-87d3-643cca6bda4c":"Studio Recording","6d82cdfd-3cd1-4d4a-a555-8e75787a2bde":"Catalogs","LaptopSearch":"Laptops & Notebooks","b02bc13e-8d07-4bb2-b0d7-718377a49c68":"Ad Production (non-digital)","e34f446a-b113-4c9d-a43f-3c4d4f79fc80":"Other Publisher Costs","31ad9298-5552-42bd-a207-e65f24932657":"Art","6edcdb09-4348-4bcd-a9d9-898fc25276df":"Living Expenses","3bf7a9dc-fcc0-4f0e-a783-b2529d329066":"US State Taxes","CarrousselITSuppliers":"Preferred Suppliers","579afb67-31ba-4af5-bea0-56f8d56c11d5":"Licensing & Product Placement","5b938453-3166-445f-9682-f88cb27af793":"Training","4f6c738c-7372-4747-a7f9-e134cb2e2f5b":"Parking","6bf4fcfc-941f-48e2-a385-6a91c026e064":"Artist's Travel","cad02dfb-ef32-4fcc-9adf-18367056ab92":"Computer Hardware","60afa628-3198-4ac6-b52c-e2d9e79795a6":"Mixing and Mastering","c13d34c1-3c3f-47c8-b70f-c747a38d93c7":"Other Professional Services","8b1009ba-2af5-475c-b931-70ab10a0ae8d":"Legal","7f0bc1d2-c69d-417a-a8ee-c26360cadbaf":"Cars","7d0296da-ccf1-4a44-80aa-58bcf21a0625":"Services","8e67a37f-f502-4953-baa6-faf23aa08354":"Hays Recruitment","59cf83fc-1a52-4f1d-9e59-3acdb0e72d74":"New Title","4b48e3d6-98aa-40a0-8334-3f99aa598f32":"Research & Development","d26e79f7-b6fb-4697-a5f0-1cc1bc067952":"Retail","ed2d0da8-717b-4ccf-83d2-d8b09fb34db0":"Musicians Expense","96dea85c-fc61-4e23-9ffa-e60ad1048f4d":"Rent","081dafc0-0a5a-4844-bb50-98a46d6734b1":"Disaster recovery services","10317530-b62d-49f6-8194-e65e86a33fe0":"Social Media Platforms","2b7cd967-1b42-4c94-9e7e-5ac06871f3c6":"Computer Consulting","ebf86650-6d35-4563-94d0-a744f40c268a":"Advances","7b467cbe-b036-4249-9675-79952d2f7e8d":"Plants","3d2a651a-ddb9-48eb-9821-0fda968eb879":"Demo Costs","8eba7c30-7ca9-41e0-b58a-e2bfa6a380b2":"Refreshments","e3143356-7c54-4e2b-b215-dc5e643e0ae0":"Tickets","4ea50cb8-bb5f-48a7-81a4-3c6b9d3d44c7":"Misc A&R Costs","daa3b348-59f4-4036-a411-d726e532fb08":"Computer - Repairs & Maintenance","IT-Equipment-Accessories":"IT, IT Equipment, IT Accessories","2ad970ba-3faa-4ed8-9494-8e809cebe216":"Training Materials","22765a8d-7802-4f3a-b2b3-12ab6e0884ad":"Website Maintenance","5072a910-2e6c-4b6e-bbc3-ef80888406df":"Video Production","b33c5125-1792-4ff6-8613-7e90d08baf6b":"Producer Advance","be026c0f-bc4f-4e93-8a8f-96e415a09b5f":"Radio Marketing","55050e97-21c1-4a9a-8a4f-9b75aeeab197":"MBO Recruitment USA","629b7820-6111-4141-b39e-6e13a1311b43":"My Test Page","a405b1fd-d83c-4246-8da8-bea3f106eb14":"Services Freight Costs","fa06274b-2f6b-42b2-ac0f-d18645b77a62":"Computer Software","4a0448d5-ac20-4fc2-a409-d7add152a12e":"Utilities & Fuel","6b3b60c8-2bcf-426e-925d-a161006bbb69":"Computer Communications","ce91e612-b5e2-41a3-8490-b866b57d5125":"Digital Advertising","4cede48a-fe0f-4622-8ecc-8bf05c8d9dbc":"Internet Advertising","dd186b59-93f3-4674-8bd1-8d607a8a6842":"Engineering  Mixing","aef2a129-dbc1-4a43-af52-55af71aedb84":"Advertising Services - Preferred Suppliers","1396ccd3-7da5-4cb6-a687-6a95281a2fac":"Retail Merchandise","1fb09305-44c7-4036-99f0-3d80584ec9e8":"Independent Promotion - Clubs","Smartphones":"Smartphones","f08460ed-e354-49b0-89bd-57cc441882ed":"Publicity","54461618-5f53-469a-bad4-48a200315ee2":"Engineering Recording","4dd456fc-54c9-4dda-ba5b-3316b31083af":"Freight","806b2b20-135a-45ee-a596-71f5a91f2716":"New Title","6a64b0db-c2d9-4ea0-8dbe-b0df9247014e":"Artist Management Services Costs","702c0282-a697-40db-89a3-7b504cd494da":"Direct Advertising","58da5017-5d56-4e77-adfa-e20f5776c552":"Engineering Mixing","2a9fbf5d-fb4d-43ad-9801-d58c273f7d78":"Marketing Services","074f422e-05c4-4164-9b58-e0ba6f164c7f":"Marketing Non-Recoupable","8ee9d8f7-1e45-49de-9f66-87e231373931":"Ticketing","1aadffa6-c819-448d-a53c-c1df8fb6bf7c":"Legal Expenses","68336416-5084-4d48-aa85-1032ba4ea73c":"Mobile Devices","e6ede1a8-6071-4d58-b730-c78cc06d4085":"International Marketing","LightingFixturesSearch":"Lighting Fixtures","2f6ad7db-939e-45e6-bbd0-9063d9ef1c55":"Supplies","63d71e62-909d-4b9e-8286-856449f4b79c":"Advertising","3fe43f30-62d3-4ee4-a2d0-5950a7191af8":"Test Form Murthy","PrinterPaper":"Printers and Copier Paper","6f365436-2824-4ff2-99ea-ec4377ffe74c":"Network application software maintenance","2d8dc109-20ba-4d4c-8422-4fe60dac41dd":"New Title","65d2bb5a-5c3e-43e2-b39e-29c36d32dc7e":"Radio Advertising","bfa908c0-3e05-4288-9e54-f24cdff8bb57":"New Title","c74c3ea2-19db-49d7-9847-e393f6c721c0":"Fixed Lines","b63cb2a0-d268-4ef4-ac0e-ec52ee7a0218":"Ad hoc Item","49bae508-686c-459e-9dd9-99ffc2cb2a2a":"Royalty Payments Expense","9b98b404-e981-4094-a9bf-8dfd322504f4":"Dues & Subscriptions","37cd8315-45fa-4dfc-8ebf-3e59cd5ff91d":"Producer","ec314a8a-83bb-497c-83a5-6fe67a18e195":"Other Costs","796b0d1c-9c4b-411b-bb15-a5ae84d41fdd":"Contractual Fund","83c15588-af92-49c0-b72d-691cedaaf996":"Manage Billing Documents in S/4","59c81013-4012-40c4-a45b-1424aed57ef0":"Local area network LAN maintenance or support","98d49ec3-7b9a-417d-be24-d82492409df0":"Artist Lodging & Accommodation","559e33b9-8526-451f-8132-0a7fa871bb50":"Promo Tour","8eac2380-2b12-4ef8-8238-03db91186597":"Payment Request Form copy","522a2646-0abd-4171-ba6e-c1d908435f8c":"Rentals","1e74d477-4354-4edf-9210-a379ededbdc4":"Promotional Video - TV Specials Production","b9430e03-0f9c-4485-a2fb-d83bb003908b":"Third Party Advance","Whiteboards":"Whiteboards and accessories","7f0954e9-db84-4e7d-8f8f-1d296782989c":"Meetings, Events & Playback","90c21c8e-f4b9-4a2b-bde4-09d67bd27e9b":"Samples","ae6b0417-9874-4a88-b9c0-dd4eebc47e0c":"Legal Advance","0b2a3bf6-fcf8-4dab-b672-d4fb233a9a30":"Side Artists & Musicians","c95ff10a-54aa-4f2d-bbe9-6012a27f3e2e":"Video Production","d2bce472-0407-4dd1-8708-a43399d2eb18":"Sales Advertising Allowances","9f860865-c678-4731-80d1-347c5d599234":"Side Artists","76a2ef64-02b8-4326-84ca-791608129579":"Artist Development & Touring","48cdef37-3c31-4b6b-8f75-3bc965a97c17":"Artist Styling & Glamour/Appearance","70170ead-7b6a-4f0c-8f87-0930cd3e4e2c":"Remix Costs","fbdb9a78-e6b7-401a-9862-4e70fa9483ec":"Special Requests","5f47728e-96b3-4148-b7f2-f34d97b64cc4":"New Tile page Type","3ae70947-8132-429b-bd01-22eb082b84cc":"Influencer Marketing","e512780d-bc42-4aaf-9ea6-97e2dca6abe9":"Master Use Advance","16c47096-a35a-4620-ab5e-ba2206340cae":"Company Cars","8b6c6aa7-4b00-4e5f-a3d5-9bc0d3307406":"Building Services","6675c1fa-ac3e-45df-b05a-d16470f46a49":"Recording Fund","02a73d24-9ae2-44fb-851e-374e1d947aac":"Level2 Landing page","PCAccessoriesSearch":"Computer Accessories","4c07b2f4-1bf5-4737-b13e-c0ab85ea2e49":"Forms","abc497f4-05f5-4a26-83af-d0ae83c5199e":"Agency Booking Fees","10986293-5cd4-4693-ac7f-5ba64a1b8a78":"Storage & Archiving","3dc2b59b-0510-4bd4-8fe4-f7530973991b":"Improvements","DesktopSearch":"Desktops","85868172-01d8-424a-a8b7-c8418e17c767":"IT Hardware","9a15ef57-b9dc-4b13-8100-03f30f76efa7":"Display Purchase Orders in S/4","80a617d1-386c-4534-8d5c-c8251e6150b1":"Payment Request Form v3","588ea31e-9965-40fa-8cf2-0d142262ad41":"Engineering Recording","ca94549a-9f60-4856-9d74-027a783b84a6":"Simplified Requisition Form","b1aadede-330c-467f-92f5-55c50a5d281b":"Amortizable Service Contracts","7acadbcb-6be7-4f3e-afcc-eff302f614be":"Payment Request","4903c594-86c9-42fe-8df8-167f48d73c52":"Brand Partnerships","4ca971c3-b369-456f-ba91-d0b6772a9483":"Retail Advertising - eCommerce","7a61aa8d-e081-4311-a502-055decc887ab":"Catering","f0f5eff1-bf35-451c-ad85-27bed278df01":"Software Maintenance","18f34ec5-dbee-4e6c-bb07-5877ff072733":"Ariba Buying Classic","3bb08286-83d6-4e24-887a-41b0eb29c488":"Artist Entertainment & Gifts","20421928-dce4-41be-837f-c46eec75b5ea":"Independent Promotion - Online","4349f2e4-5d23-41d2-a496-e6ece9e73b0b":"Payment Request Form","d61434b7-384d-4d16-83d5-c14651ef8a63":"Fuel","7ef37309-4c85-4400-ba68-c5ee90d62e75":"Equipment Advance","77bfd35b-9b3a-467d-90fe-380068ade5a5":"Ad Production (digital)","ef9a6ed2-e299-42e0-bc0f-e3a3088a7e1e":"Studio Costs","Printers":"Printers","ffe954c8-2bf3-44d6-be20-c71f9a3e5f02":"Bonus-Other","3749a76e-af66-4d7b-8075-aaa40b7a902c":"Mastering","b452f6a4-9842-473a-9e31-cf59ebccce00":"A & R","688daa0f-b254-4bf1-9c0f-02f771aaa20f":"Radio Indy's","FacilitiesSuppliers":"Preferred Suppliers","TapePackagingSearch":"Tape, Packaging Supplies","35525133-9fcc-4ed7-9220-785480b11f46":"Research Costs","c5a26af8-597d-4014-b9ea-b0e3a1202ead":"Pre-Production Costs","FurnitureSearch":"Office furniture","070d83db-7c5f-41d3-bc36-838081169f7b":"Production Costs","37a2fc13-1fde-4143-9701-3eedf900ac8f":"Sales & Streaming","9cf8ac12-c965-42fc-b59e-0aed78904abf":"Radio Shows"}